Heure,Adresse IP

16:40:12,127.0.0.1
16:40:12,127.0.0.1
16:40:12,127.0.0.1
16:48:13,127.0.0.1
16:48:14,127.0.0.1
16:48:14,127.0.0.1
16:48:14,127.0.0.1
16:48:14,127.0.0.1
16:48:14,127.0.0.1
10.13:10:02,162.128.116
10.13:10:05,162.128.116
14:57:12,127.0.0.1
14:57:25,127.0.0.1
14:57:36,127.0.0.1
14:57:48,127.0.0.1
14:57:54,127.0.0.1
14:58:16,127.0.0.1
09:27:37,127.0.0.1
09:27:37,127.0.0.1
09:27:37,127.0.0.1
09:27:38,127.0.0.1
09:27:39,127.0.0.1
09:27:42,127.0.0.1
09:27:42,127.0.0.1
09:27:43,127.0.0.1
09:34:42,127.0.0.1
09:34:46,127.0.0.1
09:34:50,127.0.0.1
09:38:47,127.0.0.1
09:38:51,127.0.0.1
09:38:54,127.0.0.1
